source,identifier,posted_date,20201127_is_preprint_of,20201127_preprint_of_doi,20201024_is_preprint_of,20201024_preprint_of_doi
medRxiv,10.1101/2020.02.29.20029462,2020-03-06,NA,NA,is_preprint_of,10.1111/irv.12739
medRxiv,10.1101/2020.03.26.20040709,2020-03-27,NA,NA,is_preprint_of,10.1002/jmv.25989
medRxiv,10.1101/2020.03.19.20038844,2020-03-20,NA,NA,is_preprint_of,10.1038/s41591-020-0857-9
medRxiv,10.1101/2020.03.24.20042317,2020-03-26,NA,NA,is_preprint_of,10.1183/13993003.00775-2020
medRxiv,10.1101/2020.04.05.20054460,2020-04-07,NA,NA,is_preprint_of,10.1016/j.chaos.2020.109941
medRxiv,10.1101/2020.03.19.20038950,2020-03-23,NA,NA,is_preprint_of,10.34172/aim.2020.05
medRxiv,10.1101/2020.04.02.20051482,2020-04-06,NA,NA,is_preprint_of,10.1371/journal.pone.0233146
medRxiv,10.1101/2020.03.06.20031856,2020-03-08,NA,NA,is_preprint_of,10.1016/j.micinf.2020.05.008
medRxiv,10.1101/2020.03.17.20037713,2020-03-18,NA,NA,is_preprint_of,10.1038/s41591-020-0913-5
medRxiv,10.1101/2020.03.18.20038455,2020-03-23,NA,NA,is_preprint_of,10.1183/13993003.00688-2020
medRxiv,10.1101/2020.03.09.20033217,2020-03-10,NA,NA,is_preprint_of,10.1056/nejmc2004973
medRxiv,10.1101/2020.03.24.20043018,2020-03-27,NA,NA,is_preprint_of,10.1038/s41591-020-0962-9
medRxiv,10.1101/2020.02.25.20027672,2020-02-27,NA,NA,is_preprint_of,10.3389/fmed.2020.00190
medRxiv,10.1101/2020.03.23.20039842,2020-03-27,NA,NA,is_preprint_of,10.1016/s2542-5196(20)30107-8
medRxiv,10.1101/2020.03.02.20030189,2020-03-03,NA,NA,is_preprint_of,10.1093/cid/ciaa344
medRxiv,10.1101/2020.03.05.20031476,2020-03-07,NA,NA,is_preprint_of,10.21037/atm-20-2429
medRxiv,10.1101/2020.03.09.20033183,2020-03-10,NA,NA,is_preprint_of,10.1016/j.ijid.2020.04.080
medRxiv,10.1101/2020.02.14.20022897,2020-02-17,NA,NA,is_preprint_of,10.3390/jcm9020601
medRxiv,10.1101/2020.04.03.20050195,2020-04-06,NA,NA,is_preprint_of,10.1093/ajcp/aqaa064
medRxiv,10.1101/2020.02.18.20021881,2020-02-19,NA,NA,is_preprint_of,10.1016/j.jhin.2020.02.021
medRxiv,10.1101/2020.02.22.20024927,2020-02-23,NA,NA,is_preprint_of,10.1371/journal.pone.0230548
medRxiv,10.1101/2020.04.01.20050443,2020-04-07,NA,NA,is_preprint_of,10.1021/acsnano.0c03597
medRxiv,10.1101/2020.04.07.20056424,2020-04-11,NA,NA,is_preprint_of,10.1001/jamanetworkopen.2020.8857
medRxiv,10.1101/2020.03.26.20044404,2020-03-30,NA,NA,is_preprint_of,10.1007/s12630-020-01649-w
medRxiv,10.1101/2020.03.27.20043661,2020-03-30,NA,NA,is_preprint_of,10.1017/cts.2020.40
medRxiv,10.1101/2020.02.06.20020974,2020-02-09,NA,NA,is_preprint_of,10.1056/nejmoa2002032
medRxiv,10.1101/2020.02.20.20025619,2020-02-23,NA,NA,is_preprint_of,10.1007/s11427-020-1661-4
medRxiv,10.1101/2020.04.07.20056234,2020-04-11,NA,NA,is_preprint_of,10.1016/j.jcv.2020.104390
medRxiv,10.1101/2020.02.26.20026971,2020-02-27,NA,NA,is_preprint_of,10.1016/j.cgh.2020.04.002
medRxiv,10.1101/2020.04.06.20052522,2020-04-08,NA,NA,is_preprint_of,10.1002/jmv.25922
medRxiv,10.1101/2020.02.26.20028217,2020-02-27,NA,NA,is_preprint_of,10.3201/eid2607.200500
medRxiv,10.1101/2020.02.21.20026187,2020-02-23,NA,NA,is_preprint_of,10.1515/cclm-2020-0187
medRxiv,10.1101/2020.04.02.20050740,2020-04-07,NA,NA,is_preprint_of,10.2196/19464
medRxiv,10.1101/2020.03.23.20041533,2020-03-27,NA,NA,is_preprint_of,10.3389/fphar.2020.00781
medRxiv,10.1101/2020.03.15.20036350,2020-03-18,NA,NA,is_preprint_of,10.24171/j.phrp.2020.11.2.04
medRxiv,10.1101/2020.03.15.20036368,2020-03-18,NA,NA,is_preprint_of,10.24171/j.phrp.2020.11.2.05
medRxiv,10.1101/2020.04.03.20049080,2020-04-06,NA,NA,is_preprint_of,10.1186/s13054-020-02896-5
medRxiv,10.1101/2020.03.30.20044099,2020-03-30,NA,NA,is_preprint_of,10.1016/j.scitotenv.2020.138778
medRxiv,10.1101/2020.04.07.20052340,2020-04-10,NA,NA,is_preprint_of,10.3389/fpubh.2020.00256
medRxiv,10.1101/2020.02.11.20022186,2020-02-13,NA,NA,is_preprint_of,10.1371/journal.pone.0230405
medRxiv,10.1101/2020.02.29.20029439,2020-03-06,NA,NA,is_preprint_of,10.1080/22221751.2020.1772678
medRxiv,10.1101/2020.03.15.20036293,2020-03-18,NA,NA,is_preprint_of,10.1073/pnas.2004911117
medRxiv,10.1101/2020.03.29.20046557,2020-04-01,NA,NA,is_preprint_of,10.1038/s41467-020-16670-2
medRxiv,10.1101/2020.03.15.20036376,2020-03-20,NA,NA,is_preprint_of,10.3389/fcimb.2020.00331
medRxiv,10.1101/2020.03.24.20042598,2020-03-27,NA,NA,is_preprint_of,10.1093/cid/ciaa354
medRxiv,10.1101/2020.03.24.20042168,2020-03-30,NA,NA,is_preprint_of,10.24875/ric.20000113
medRxiv,10.1101/2020.03.13.20035485,2020-03-17,NA,NA,is_preprint_of,10.1051/mmnp/2020011
medRxiv,10.1101/2020.03.24.20042432,2020-03-26,NA,NA,is_preprint_of,10.1016/j.ajem.2020.04.051
medRxiv,10.1101/2020.01.31.20019901,2020-02-02,NA,NA,is_preprint_of,10.1016/s1473-3099(20)30144-4
medRxiv,10.1101/2020.03.29.20046565,2020-03-31,NA,NA,is_preprint_of,10.1080/16549716.2020.1760490
medRxiv,10.1101/2020.04.03.20051649,2020-04-07,NA,NA,is_preprint_of,10.1016/j.tmaid.2020.101751
medRxiv,10.1101/2020.02.23.20026856,2020-02-25,NA,NA,is_preprint_of,10.1093/qjmed/hcaa089
medRxiv,10.1101/2020.03.18.20037101,2020-03-20,NA,NA,is_preprint_of,10.1093/infdis/jiaa185
medRxiv,10.1101/2020.03.30.20047852,2020-04-04,NA,NA,is_preprint_of,10.1016/j.clim.2020.108410
medRxiv,10.1101/2020.02.15.20023234,2020-02-19,NA,NA,is_preprint_of,10.3390/ijerph17093113
medRxiv,10.1101/2020.02.20.20025866,2020-02-23,NA,NA,is_preprint_of,10.2807/1560-7917.es.2020.25.10.2000180
medRxiv,10.1101/2020.03.02.20030288,2020-03-06,NA,NA,is_preprint_of,10.1371/journal.pone.0232452
medRxiv,10.1101/2020.02.12.20022277,2020-02-13,NA,NA,is_preprint_of,10.1186/s40249-020-00693-4
medRxiv,10.1101/2020.03.05.20031773,2020-03-08,NA,NA,is_preprint_of,10.2807/1560-7917.es.2020.25.12.2000256
medRxiv,10.1101/2020.02.03.20020248,2020-02-11,NA,NA,is_preprint_of,10.1016/j.ijid.2020.03.020
medRxiv,10.1101/2020.02.08.20021253,2020-02-11,NA,NA,is_preprint_of,10.1016/j.ijheh.2020.113555
medRxiv,10.1101/2020.03.26.20039438,2020-03-27,NA,NA,is_preprint_of,10.1093/cid/ciaa531
medRxiv,10.1101/2020.03.16.20035014,2020-03-20,NA,NA,is_preprint_of,10.1128/jcm.00461-20
medRxiv,10.1101/2020.02.17.20023721,2020-02-20,NA,NA,is_preprint_of,10.1053/j.gastro.2020.02.055
medRxiv,10.1101/2020.03.03.20030593,2020-03-06,NA,NA,is_preprint_of,10.1001/jama.2020.6130
medRxiv,10.1101/2020.02.11.20020735,2020-02-12,NA,NA,is_preprint_of,10.1016/j.eclinm.2020.100329
medRxiv,10.1101/2020.02.23.20026864,2020-02-25,NA,NA,is_preprint_of,10.3389/fpubh.2020.00152
medRxiv,10.1101/2020.03.15.20032870,2020-03-20,NA,NA,is_preprint_of,10.1002/jmv.25794
medRxiv,10.1101/2020.04.01.20047076,2020-04-04,NA,NA,is_preprint_of,10.1016/j.cell.2020.04.023
medRxiv,10.1101/2020.03.19.20032532,2020-03-23,NA,NA,is_preprint_of,10.1371/journal.pone.0233255
medRxiv,10.1101/2020.04.02.20051128,2020-04-06,NA,NA,is_preprint_of,10.1016/j.psychres.2020.112998
medRxiv,10.1101/2020.03.29.20043547,2020-03-31,NA,NA,is_preprint_of,10.2196/19118
medRxiv,10.1101/2020.03.17.20037408,2020-03-20,NA,NA,is_preprint_of,10.1016/j.puhe.2020.03.007
medRxiv,10.1101/2020.03.22.20040600,2020-03-26,NA,NA,is_preprint_of,10.1128/jvi.00510-20
medRxiv,10.1101/2020.03.16.20037135,2020-03-20,NA,NA,is_preprint_of,10.1016/j.ijantimicag.2020.105949
medRxiv,10.1101/2020.03.23.20039362,2020-03-27,NA,NA,is_preprint_of,10.1038/s41421-020-0168-9
medRxiv,10.1101/2020.01.26.20018754,2020-01-28,NA,NA,is_preprint_of,10.3390/jcm9020538
medRxiv,10.1101/2020.03.10.20033761,2020-03-13,NA,NA,is_preprint_of,10.12688/wellcomeopenres.15786.1
medRxiv,10.1101/2020.03.15.20035204,2020-03-17,NA,NA,is_preprint_of,10.1128/jvi.00567-20
medRxiv,10.1101/2020.04.03.20052548,2020-04-08,NA,NA,is_preprint_of,10.1016/j.ijid.2020.05.085
medRxiv,10.1101/2020.04.01.20047381,2020-04-04,NA,NA,is_preprint_of,10.1016/j.jaci.2020.05.008
medRxiv,10.1101/2020.02.16.20023671,2020-02-18,NA,NA,is_preprint_of,10.1016/j.ebiom.2020.102763
medRxiv,10.1101/2020.04.05.20048421,2020-04-07,NA,NA,is_preprint_of,10.1038/s41591-020-0916-2
medRxiv,10.1101/2020.03.01.20029074,2020-03-03,NA,NA,is_preprint_of,10.1038/s41392-020-0148-4
medRxiv,10.1101/2020.04.03.20048389,2020-04-07,NA,NA,is_preprint_of,10.1136/annrheumdis-2020-217509
medRxiv,10.1101/2020.03.10.20033605,2020-03-13,NA,NA,is_preprint_of,10.1093/cid/ciaa352
medRxiv,10.1101/2020.03.22.20040915,2020-03-24,NA,NA,is_preprint_of,10.3390/biology9050097
medRxiv,10.1101/2020.02.27.20028639,2020-02-29,NA,NA,is_preprint_of,10.1007/s40484-020-0199-0
medRxiv,10.1101/2020.03.03.20030445,2020-03-06,NA,NA,is_preprint_of,10.1007/s11427-020-1717-9
medRxiv,10.1101/2020.03.02.20028704,2020-03-05,NA,NA,is_preprint_of,10.1016/j.ijid.2020.04.036
medRxiv,10.1101/2020.04.06.20055863,2020-04-11,NA,NA,is_preprint_of,10.1007/s10237-020-01332-5
medRxiv,10.1101/2020.02.26.20028308,2020-02-27,NA,NA,is_preprint_of,10.1371/journal.pone.0231808
medRxiv,10.1101/2020.04.05.20053819,2020-04-07,NA,NA,is_preprint_of,10.1093/nsr/nwaa086
medRxiv,10.1101/2020.02.13.20022806,2020-02-17,NA,NA,is_preprint_of,10.4414/smw.2020.20224
medRxiv,10.1101/2020.03.11.20034314,2020-03-13,NA,NA,is_preprint_of,10.3934/mbe.2020172
medRxiv,10.1101/2020.03.28.20046250,2020-03-31,NA,NA,is_preprint_of,10.12688/f1000research.23401.1
medRxiv,10.1101/2020.03.02.20030312,2020-03-06,NA,NA,is_preprint_of,10.1016/j.ijid.2020.04.044
medRxiv,10.1101/2020.03.02.20030320,2020-03-06,NA,NA,is_preprint_of,10.1016/j.ijid.2020.03.019
medRxiv,10.1101/2020.03.25.20043745,2020-03-27,NA,NA,is_preprint_of,10.1371/journal.pone.0233147
medRxiv,10.1101/2020.03.21.20040360,2020-03-23,NA,NA,is_preprint_of,10.1093/cid/ciaa641
medRxiv,10.1101/2020.03.07.20031575,2020-03-10,NA,NA,is_preprint_of,10.1186/s12931-020-01352-w
medRxiv,10.1101/2020.03.14.20036202,2020-03-18,NA,NA,is_preprint_of,10.1016/j.idm.2020.03.002
medRxiv,10.1101/2020.03.08.20032946,2020-03-12,NA,NA,is_preprint_of,10.1126/science.abb6936
medRxiv,10.1101/2020.03.31.20049023,2020-04-03,NA,NA,is_preprint_of,10.1186/s12916-020-01597-8
medRxiv,10.1101/2020.02.20.20025874,2020-02-24,NA,NA,is_preprint_of,10.1093/clinchem/hvaa102
medRxiv,10.1101/2020.04.02.20051334,2020-04-06,NA,NA,is_preprint_of,10.1126/science.abc0473
medRxiv,10.1101/2020.02.18.20024364,2020-02-20,NA,NA,is_preprint_of,10.3389/fimmu.2020.00827
medRxiv,10.1101/2020.03.18.20038448,2020-03-20,NA,NA,is_preprint_of,10.1177/0269216320920780
medRxiv,10.1101/2020.02.04.20020503,2020-02-05,NA,NA,is_preprint_of,10.3390/jcm9020571
medRxiv,10.1101/2020.03.29.20039529,2020-03-30,NA,NA,is_preprint_of,10.1111/trf.15841
medRxiv,10.1101/2020.03.18.20038059,2020-03-20,NA,NA,is_preprint_of,10.3201/eid2607.200841
medRxiv,10.1101/2020.03.22.20040923,2020-03-27,NA,NA,is_preprint_of,10.12688/f1000research.23203.1
medRxiv,10.1101/2020.03.13.20035428,2020-03-17,NA,NA,is_preprint_of,10.1016/j.jinf.2020.03.051
medRxiv,10.1101/2020.02.16.20023564,2020-02-18,NA,NA,is_preprint_of,10.1016/j.jinf.2020.02.019
medRxiv,10.1101/2020.03.03.20030627,2020-03-06,NA,NA,is_preprint_of,10.1186/s13104-020-05136-9
medRxiv,10.1101/2020.03.15.20036673,2020-03-18,NA,NA,is_preprint_of,10.1016/s2666-5247(20)30003-3
medRxiv,10.1101/2020.03.10.20033852,2020-03-16,NA,NA,is_preprint_of,10.3389/fmed.2020.00329
medRxiv,10.1101/2020.03.24.20041020,2020-03-27,NA,NA,is_preprint_of,10.1136/bmj.m1328
medRxiv,10.1101/2020.03.15.20036707,2020-03-18,NA,NA,is_preprint_of,10.1038/s41591-020-0869-5
medRxiv,10.1101/2020.04.07.20045617,2020-04-10,NA,NA,is_preprint_of,10.3389/fmed.2020.00260
medRxiv,10.1101/2020.03.28.20046243,2020-04-01,NA,NA,is_preprint_of,10.3390/jcm9051564
medRxiv,10.1101/2020.03.02.20026708,2020-03-06,NA,NA,is_preprint_of,10.1126/science.abb4218
medRxiv,10.1101/2020.03.06.20031278,2020-03-08,NA,NA,is_preprint_of,10.1016/j.sleep.2020.05.023
medRxiv,10.1101/2020.01.27.20018986,2020-01-28,NA,NA,is_preprint_of,10.2807/1560-7917.es.2020.25.5.2000062
medRxiv,10.1101/2020.02.23.20026690,2020-02-26,NA,NA,is_preprint_of,10.1038/s41591-020-0901-9
medRxiv,10.1101/2020.03.27.20045500,2020-03-30,NA,NA,is_preprint_of,10.1371/journal.pmed.1003144
medRxiv,10.1101/2020.03.05.20032003,2020-03-08,NA,NA,is_preprint_of,10.1017/s0950268820001107
medRxiv,10.1101/2020.03.27.20045807,2020-03-30,NA,NA,is_preprint_of,10.1371/journal.pone.0233410
medRxiv,10.1101/2020.02.19.20025452,2020-02-23,NA,NA,is_preprint_of,10.3201/eid2606.200357
medRxiv,10.1101/2020.03.09.20033514,2020-03-13,NA,NA,is_preprint_of,10.1016/j.epidem.2020.100392
medRxiv,10.1101/2020.04.02.20051029,2020-04-06,NA,NA,is_preprint_of,10.1016/j.infpip.2020.100061
medRxiv,10.1101/2020.03.21.20040139,2020-03-24,NA,NA,is_preprint_of,10.12688/f1000research.23107.1
medRxiv,10.1101/2020.03.04.20026005,2020-03-06,NA,NA,is_preprint_of,10.1002/jmv.25975
medRxiv,10.1101/2020.02.27.20028829,2020-02-29,NA,NA,is_preprint_of,10.1016/j.ijid.2020.03.031
medRxiv,10.1101/2020.02.24.20027649,2020-02-27,NA,NA,is_preprint_of,10.1016/j.idm.2020.02.003
medRxiv,10.1101/2020.03.15.20036418,2020-03-18,NA,NA,is_preprint_of,10.1002/jmv.25885
medRxiv,10.1101/2020.03.13.20034496,2020-03-16,NA,NA,is_preprint_of,10.1016/j.psychres.2020.112958
medRxiv,10.1101/2020.03.13.20035568,2020-03-17,NA,NA,is_preprint_of,10.2196/18790
medRxiv,10.1101/2020.02.29.20029322,2020-03-03,NA,NA,is_preprint_of,10.1016/j.bbi.2020.03.007
medRxiv,10.1101/2020.03.13.20035410,2020-03-17,NA,NA,is_preprint_of,10.1016/j.jinf.2020.03.018
